{"schema":6,"addons":[{"id":"langpack-en-GB@thunderbird.mozilla.org","icons":{"32":"https://addons.thunderbird.net/static/img/addon-icons/default-32.png","64":"https://addons.thunderbird.net/static/img/addon-icons/default-64.png"},"name":"English (en-GB) Language Pack","version":"102.3.3buildid20221010.194951","sourceURI":"https://addons.thunderbird.net/thunderbird/downloads/file/1021437/english_en_gb_language_pack-102.3.3buildid20221010.194951-tb.xpi?src=","homepageURL":null,"supportURL":null,"description":"English (en-GB) Language Pack","fullDescription":null,"weeklyDownloads":1488,"type":"locale","creator":{"name":"Mozilla","url":"https://addons.thunderbird.net/en-US/thunderbird/user/mozilla/"},"developers":[],"screenshots":[],"contributionURL":"","averageRating":2.1333,"reviewCount":30,"reviewURL":"https://addons.thunderbird.net/en-US/thunderbird/addon/tb-langpack-en-gb/reviews/","updateDate":1667348707000},{"id":"langpack-it@thunderbird.mozilla.org","icons":{"32":"https://addons.thunderbird.net/static/img/addon-icons/default-32.png","64":"https://addons.thunderbird.net/static/img/addon-icons/default-64.png"},"name":"Italiano (it) Language Pack","version":"102.3.3buildid20221010.194951","sourceURI":"https://addons.thunderbird.net/thunderbird/downloads/file/1021454/italiano_it_language_pack-102.3.3buildid20221010.194951-tb.xpi?src=","homepageURL":null,"supportURL":null,"description":"Italiano (it) Language Pack","fullDescription":null,"weeklyDownloads":651,"type":"locale","creator":{"name":"Mozilla","url":"https://addons.thunderbird.net/en-US/thunderbird/user/mozilla/"},"developers":[],"screenshots":[],"contributionURL":"","averageRating":0,"reviewCount":0,"reviewURL":"https://addons.thunderbird.net/en-US/thunderbird/addon/tb-langpack-it/reviews/","updateDate":1667348708000},{"id":"langpack-en-CA@thunderbird.mozilla.org","icons":{"32":"https://addons.thunderbird.net/static/img/addon-icons/default-32.png","64":"https://addons.thunderbird.net/static/img/addon-icons/default-64.png"},"name":"English (en-CA) Language Pack","version":"102.3.3buildid20221010.194951","sourceURI":"https://addons.thunderbird.net/thunderbird/downloads/file/1021444/english_en_ca_language_pack-102.3.3buildid20221010.194951-tb.xpi?src=","homepageURL":null,"supportURL":null,"description":"English (en-CA) Language Pack","fullDescription":null,"weeklyDownloads":0,"type":"locale","creator":{"name":"Mozilla","url":"https://addons.thunderbird.net/en-US/thunderbird/user/mozilla/"},"developers":[],"screenshots":[],"contributionURL":"","averageRating":0,"reviewCount":0,"reviewURL":"https://addons.thunderbird.net/en-US/thunderbird/addon/tb-langpack-en-ca/reviews/","updateDate":1667348707000}]}