{
	"/home/osboxes/.thunderbird/vgu7n0cp.default-release/ImapMail/imap.gmail.com" : 
	{
		"aclFlags" : 0,
		"boxFlags" : 0,
		"expungedBytes" : 0,
		"flags" : 0,
		"folderSize" : -1,
		"hierDelim" : 47,
		"lastSyncTimeInSec" : 0,
		"onlineName" : "",
		"pendingMsgs" : 0,
		"pendingUnreadMsgs" : 0,
		"serverRecent" : 0,
		"serverTotal" : 0,
		"serverUnseen" : 0,
		"totalMsgs" : -1,
		"totalUnreadMsgs" : -1
	},
	"/home/osboxes/.thunderbird/vgu7n0cp.default-release/ImapMail/imap.gmail.com/Archives.msf" : 
	{
		"aclFlags" : 0,
		"boxFlags" : 0,
		"expungedBytes" : 0,
		"flags" : 0,
		"folderSize" : -1,
		"hierDelim" : 94,
		"onlineName" : "Archives",
		"pendingMsgs" : 0,
		"pendingUnreadMsgs" : 0,
		"serverRecent" : 0,
		"serverTotal" : 0,
		"serverUnseen" : 0,
		"totalMsgs" : 0,
		"totalUnreadMsgs" : 0
	},
	"/home/osboxes/.thunderbird/vgu7n0cp.default-release/ImapMail/imap.gmail.com/Drafts.msf" : 
	{
		"aclFlags" : 0,
		"boxFlags" : 0,
		"expungedBytes" : 0,
		"flags" : 1024,
		"folderSize" : -1,
		"hierDelim" : 94,
		"lastSyncTimeInSec" : 0,
		"onlineName" : "Drafts",
		"pendingMsgs" : 0,
		"pendingUnreadMsgs" : 0,
		"serverRecent" : 0,
		"serverTotal" : 0,
		"serverUnseen" : 0,
		"totalMsgs" : 0,
		"totalUnreadMsgs" : 0
	},
	"/home/osboxes/.thunderbird/vgu7n0cp.default-release/ImapMail/imap.gmail.com/INBOX.msf" : 
	{
		"MRUTime" : "1670504472",
		"aclFlags" : 0,
		"applyIncomingFilters" : "",
		"applyIncomingFilters.empty" : "",
		"boxFlags" : 0,
		"dobayes.mailnews@mozilla.org#junk" : "",
		"dobayes.mailnews@mozilla.org#junk.empty" : "",
		"expungedBytes" : 0,
		"flags" : 2281713684,
		"folderSize" : 14277154,
		"hierDelim" : 94,
		"indexingPriority" : "",
		"lastSyncTimeInSec" : 1670504347,
		"nextUID" : 154,
		"onlineName" : "INBOX",
		"pendingMsgs" : 0,
		"pendingUnreadMsgs" : 0,
		"serverRecent" : 0,
		"serverTotal" : 151,
		"serverUnseen" : 0,
		"totalMsgs" : 151,
		"totalUnreadMsgs" : 138,
		"useServerRetention" : "1"
	},
	"/home/osboxes/.thunderbird/vgu7n0cp.default-release/ImapMail/imap.gmail.com/Sent.msf" : 
	{
		"aclFlags" : 0,
		"boxFlags" : 0,
		"expungedBytes" : 0,
		"flags" : 512,
		"folderSize" : -1,
		"hierDelim" : 94,
		"lastSyncTimeInSec" : 0,
		"onlineName" : "Sent",
		"pendingMsgs" : 0,
		"pendingUnreadMsgs" : 0,
		"serverRecent" : 0,
		"serverTotal" : 0,
		"serverUnseen" : 0,
		"totalMsgs" : 0,
		"totalUnreadMsgs" : 0
	},
	"/home/osboxes/.thunderbird/vgu7n0cp.default-release/ImapMail/imap.gmail.com/Templates.msf" : 
	{
		"aclFlags" : 0,
		"boxFlags" : 0,
		"expungedBytes" : 0,
		"flags" : 4194304,
		"folderSize" : -1,
		"hierDelim" : 94,
		"lastSyncTimeInSec" : 0,
		"onlineName" : "Templates",
		"pendingMsgs" : 0,
		"pendingUnreadMsgs" : 0,
		"serverRecent" : 0,
		"serverTotal" : 0,
		"serverUnseen" : 0,
		"totalMsgs" : 0,
		"totalUnreadMsgs" : 0
	},
	"/home/osboxes/.thunderbird/vgu7n0cp.default-release/ImapMail/imap.gmail.com/[Gmail].msf" : 
	{
		"aclFlags" : 0,
		"applyIncomingFilters" : "",
		"applyIncomingFilters.empty" : "",
		"boxFlags" : 393288,
		"dobayes.mailnews@mozilla.org#junk" : "",
		"dobayes.mailnews@mozilla.org#junk.empty" : "",
		"expungedBytes" : 0,
		"flags" : 151527444,
		"folderSize" : -1,
		"hierDelim" : 47,
		"indexingPriority" : "",
		"lastSyncTimeInSec" : 0,
		"onlineName" : "[Gmail]",
		"pendingMsgs" : 0,
		"pendingUnreadMsgs" : 0,
		"serverRecent" : 0,
		"serverTotal" : 0,
		"serverUnseen" : 0,
		"totalMsgs" : 0,
		"totalUnreadMsgs" : 0,
		"useServerRetention" : "1"
	},
	"/home/osboxes/.thunderbird/vgu7n0cp.default-release/ImapMail/imap.gmail.com/[Gmail].sbd/Bozze.msf" : 
	{
		"aclFlags" : 0,
		"applyIncomingFilters" : "",
		"applyIncomingFilters.empty" : "",
		"boxFlags" : 2361408,
		"dobayes.mailnews@mozilla.org#junk" : "",
		"dobayes.mailnews@mozilla.org#junk.empty" : "",
		"expungedBytes" : 0,
		"flags" : 134751252,
		"folderSize" : 0,
		"hierDelim" : 47,
		"indexingPriority" : "",
		"lastSyncTimeInSec" : 1669817563,
		"nextUID" : 1,
		"onlineName" : "[Gmail]/Bozze",
		"pendingMsgs" : 0,
		"pendingUnreadMsgs" : 0,
		"serverRecent" : 0,
		"serverTotal" : 0,
		"serverUnseen" : 0,
		"totalMsgs" : 0,
		"totalUnreadMsgs" : 0,
		"useServerRetention" : "1"
	},
	"/home/osboxes/.thunderbird/vgu7n0cp.default-release/ImapMail/imap.gmail.com/[Gmail].sbd/Cestino.msf" : 
	{
		"aclFlags" : 0,
		"boxFlags" : 2424896,
		"expungedBytes" : 0,
		"flags" : 268968212,
		"folderSize" : -1,
		"hierDelim" : 47,
		"indexingPriority" : "-1",
		"lastSyncTimeInSec" : 0,
		"onlineName" : "[Gmail]/Cestino",
		"pendingMsgs" : 0,
		"pendingUnreadMsgs" : 0,
		"serverRecent" : 0,
		"serverTotal" : 0,
		"serverUnseen" : 0,
		"totalMsgs" : 4,
		"totalUnreadMsgs" : 0,
		"useServerRetention" : "1"
	},
	"/home/osboxes/.thunderbird/vgu7n0cp.default-release/ImapMail/imap.gmail.com/[Gmail].sbd/Importanti.msf" : 
	{
		"aclFlags" : 0,
		"applyIncomingFilters" : "",
		"applyIncomingFilters.empty" : "",
		"boxFlags" : 2359360,
		"dobayes.mailnews@mozilla.org#junk" : "",
		"dobayes.mailnews@mozilla.org#junk.empty" : "",
		"expungedBytes" : 0,
		"flags" : 134750228,
		"folderSize" : 0,
		"hierDelim" : 47,
		"indexingPriority" : "",
		"lastSyncTimeInSec" : 1669817562,
		"nextUID" : 1,
		"onlineName" : "[Gmail]/Importanti",
		"pendingMsgs" : 0,
		"pendingUnreadMsgs" : 0,
		"serverRecent" : 0,
		"serverTotal" : 0,
		"serverUnseen" : 0,
		"totalMsgs" : 0,
		"totalUnreadMsgs" : 0,
		"useServerRetention" : "1"
	},
	"/home/osboxes/.thunderbird/vgu7n0cp.default-release/ImapMail/imap.gmail.com/[Gmail].sbd/Posta inviata.msf" : 
	{
		"aclFlags" : 0,
		"applyIncomingFilters" : "",
		"applyIncomingFilters.empty" : "",
		"boxFlags" : 2367552,
		"dobayes.mailnews@mozilla.org#junk" : "",
		"dobayes.mailnews@mozilla.org#junk.empty" : "",
		"expungedBytes" : 0,
		"flags" : 134750740,
		"folderSize" : 0,
		"hierDelim" : 47,
		"indexingPriority" : "60",
		"lastSyncTimeInSec" : 1670504349,
		"nextUID" : 1,
		"onlineName" : "[Gmail]/Posta inviata",
		"pendingMsgs" : 0,
		"pendingUnreadMsgs" : 0,
		"serverRecent" : 0,
		"serverTotal" : 0,
		"serverUnseen" : 0,
		"totalMsgs" : 0,
		"totalUnreadMsgs" : 0,
		"useServerRetention" : "1"
	},
	"/home/osboxes/.thunderbird/vgu7n0cp.default-release/ImapMail/imap.gmail.com/[Gmail].sbd/Spam.msf" : 
	{
		"aclFlags" : 0,
		"boxFlags" : 2363456,
		"expungedBytes" : 0,
		"flags" : 1074274324,
		"folderSize" : -1,
		"hierDelim" : 47,
		"indexingPriority" : "-1",
		"lastSyncTimeInSec" : 0,
		"onlineName" : "[Gmail]/Spam",
		"pendingMsgs" : 0,
		"pendingUnreadMsgs" : 0,
		"serverRecent" : 0,
		"serverTotal" : 0,
		"serverUnseen" : 0,
		"totalMsgs" : 0,
		"totalUnreadMsgs" : 0,
		"useServerRetention" : "1"
	},
	"/home/osboxes/.thunderbird/vgu7n0cp.default-release/ImapMail/imap.gmail.com/[Gmail].sbd/Speciali.msf" : 
	{
		"aclFlags" : 0,
		"applyIncomingFilters" : "",
		"applyIncomingFilters.empty" : "",
		"boxFlags" : 2359360,
		"dobayes.mailnews@mozilla.org#junk" : "",
		"dobayes.mailnews@mozilla.org#junk.empty" : "",
		"expungedBytes" : 0,
		"flags" : 134750228,
		"folderSize" : 0,
		"hierDelim" : 47,
		"indexingPriority" : "",
		"lastSyncTimeInSec" : 1669817562,
		"nextUID" : 1,
		"onlineName" : "[Gmail]/Speciali",
		"pendingMsgs" : 0,
		"pendingUnreadMsgs" : 0,
		"serverRecent" : 0,
		"serverTotal" : 0,
		"serverUnseen" : 0,
		"totalMsgs" : 0,
		"totalUnreadMsgs" : 0,
		"useServerRetention" : "1"
	},
	"/home/osboxes/.thunderbird/vgu7n0cp.default-release/ImapMail/imap.gmail.com/[Gmail].sbd/Tutti i messaggi.msf" : 
	{
		"MRUTime" : "1670504350",
		"aclFlags" : 0,
		"applyIncomingFilters" : "",
		"applyIncomingFilters.empty" : "",
		"boxFlags" : 2392128,
		"dobayes.mailnews@mozilla.org#junk" : "",
		"dobayes.mailnews@mozilla.org#junk.empty" : "",
		"expungedBytes" : 0,
		"flags" : 134766612,
		"folderSize" : 510448,
		"hierDelim" : 47,
		"indexingPriority" : "",
		"lastSyncTimeInSec" : 1670504349,
		"nextUID" : 11,
		"onlineName" : "[Gmail]/Tutti i messaggi",
		"pendingMsgs" : 0,
		"pendingUnreadMsgs" : 0,
		"serverRecent" : 0,
		"serverTotal" : 4,
		"serverUnseen" : 0,
		"totalMsgs" : 4,
		"totalUnreadMsgs" : 1,
		"useServerRetention" : "1"
	},
	"/home/osboxes/.thunderbird/vgu7n0cp.default-release/Mail/Local Folders" : 
	{
		"expungedBytes" : 0,
		"flags" : 28,
		"folderName" : "Local Folders",
		"folderSize" : -1,
		"pendingMsgs" : 0,
		"pendingUnreadMsgs" : 0,
		"totalMsgs" : -1,
		"totalUnreadMsgs" : -1
	},
	"/home/osboxes/.thunderbird/vgu7n0cp.default-release/Mail/Local Folders/Trash.msf" : 
	{
		"expungedBytes" : 0,
		"flags" : 260,
		"folderName" : "Trash",
		"folderSize" : -1,
		"indexingPriority" : "",
		"pendingMsgs" : 0,
		"pendingUnreadMsgs" : 0,
		"totalMsgs" : 0,
		"totalUnreadMsgs" : 0,
		"useServerRetention" : "1"
	},
	"/home/osboxes/.thunderbird/vgu7n0cp.default-release/Mail/Local Folders/Unsent Messages.msf" : 
	{
		"expungedBytes" : 0,
		"flags" : 2052,
		"folderName" : "Outbox",
		"folderSize" : -1,
		"indexingPriority" : "",
		"pendingMsgs" : 0,
		"pendingUnreadMsgs" : 0,
		"totalMsgs" : 0,
		"totalUnreadMsgs" : 0,
		"useServerRetention" : "1"
	}
}